date,return,var99_sv_mean,var99_sv_lo,var99_sv_hi,var99_garch
2024-01-04,-0.3434271663317428,-1.5152088958857843,-2.5592021741861495,-0.8623391549914888,-2.21203571602466
2024-01-05,0.182402163943398,-1.5140895234300797,-2.473835170531053,-0.8599987773607635,-2.127021128086072
2024-01-08,1.401594543635314,-1.5374160273623936,-2.4482326608148495,-0.8843482269100722,-1.9792991101114303
2024-01-09,-0.1478993852317584,-1.6026511710877298,-2.5901757222063697,-0.9546352296143512,-2.5091807610065664
2024-01-10,0.5649980650495912,-1.5353946953022326,-2.4500755351808863,-0.8655694706853194,-2.3365844533056785
2024-01-11,-0.0671280836961164,-1.5224231222553692,-2.4851764939849987,-0.8680035217462441,-2.247904594956955
2024-01-12,0.0750693753033959,-1.4769181130806752,-2.451903737632134,-0.8154189749343169,-2.093125213412708
2024-01-16,-0.3738319052356834,-1.4940111941944443,-2.4952718346040323,-0.8184079755592361,-1.9457877107813657
2024-01-17,-0.5632731271107821,-1.5213844875928149,-2.524783966593203,-0.8373993524406745,-1.9121249252364003
2024-01-18,0.8766720726243148,-1.5799092627520468,-2.5796511768442363,-0.8810762247226763,-1.975805874446826
2024-01-19,1.2238308232548512,-1.6387132985407906,-2.7304279556304545,-0.9437558017093677,-2.104224527452198
2024-01-22,0.2191921187231685,-1.6801503870326064,-2.941170868843097,-0.9763496805630179,-2.446630943230512
2024-01-23,0.2917115340764486,-1.6366418450675964,-2.746868925096675,-0.9192897677196815,-2.266249240762039
2024-01-24,0.0811598976216865,-1.6180372708294768,-2.821195309897016,-0.9103546933559667,-2.1155209146033203
2024-01-25,0.524657813497798,-1.6110513751503708,-2.7332582083227535,-0.845973970179048,-1.9655768988049855
2024-01-26,-0.0651997755426364,-1.652581102790336,-2.801632367509807,-0.9170870128416998,-1.9167792401818216
2024-01-29,0.7528365505246204,-1.687771775114784,-2.8089766415413258,-0.9212924966304799,-1.8010151344534573
2024-01-30,-0.0600830396978616,-1.7942184828565078,-2.9623288910913916,-1.0232816351514478,-1.8920916309449631
2024-01-31,-1.6236851740733682,-1.861133398267158,-2.9570400167814257,-1.0806399345441537,-1.7786350277850071
2024-02-01,1.2416286114049784,-1.9701696679933078,-3.193882560533394,-1.182873501629982,-2.780985634252523
2024-02-02,1.062777072263312,-1.988243608576367,-3.217106446185485,-1.168688597430276,-2.9659929266946277
2024-02-05,-0.3191424709283971,-1.9133213188271063,-3.1924726218910044,-1.0993364951704017,-3.005135149048438
2024-02-06,0.2307745931748107,-1.8607595354583533,-3.139042670668434,-1.0672578581376437,-2.8112281875336476
2024-02-07,0.8207682594008627,-1.8054608451637542,-2.9137392427250672,-1.0298931036203094,-2.592538449753858
2024-02-08,0.0570420540090595,-1.814814667920431,-2.9753246219335883,-1.026365985732274,-2.5720537036596856
2024-02-09,0.5725917128795516,-1.7918073348115386,-2.9738287605624367,-0.9996323901906995,-2.37249592533006
2024-02-12,-0.0949404142652441,-1.8062812276796332,-3.0128188390559534,-0.9996323720339763,-2.28142104406159
2024-02-13,-1.3768609419845443,-1.8566476057286407,-3.0248701842274346,-1.0523064758757439,-2.126582398581716
2024-02-14,0.9534168304216808,-1.9232002104642765,-3.1132011046020183,-1.1428748863717886,-2.7456391495074643
2024-02-15,0.580437267404004,-1.92530056947841,-3.0717078114993437,-1.122996959720362,-2.76571848210989
2024-02-16,-0.4815043575961042,-1.889922929370429,-3.0230658789027163,-1.1402395521344009,-2.623933312781739
2024-02-20,-0.602342646581725,-1.9026134884796462,-3.070341267137769,-1.0691187034737997,-2.530377718150766
2024-02-21,0.1263401495103598,-1.913188431753817,-3.1707424466859853,-1.0941400596290887,-2.502663446247385
2024-02-22,2.090288866640342,-1.926399500290746,-3.1226246013553016,-1.1862570736075906,-2.31057354863514
2024-02-23,0.0347887026502183,-2.012156514977019,-3.2091426701718633,-1.2331422671852503,-3.370638957144182
2024-02-26,-0.3793939244668484,-1.879577362409152,-2.9930035830897643,-1.1050204708418443,-3.089398285739082
2024-02-27,0.1704895538720964,-1.7859317230883571,-2.909128548286786,-0.997988148441967,-2.901161991916598
2024-02-28,-0.1659531321112244,-1.739112199604406,-2.959645805571791,-0.9701496676790395,-2.6687629656697647
2024-02-29,0.5215470455799964,-1.68374313553818,-2.8769737240352242,-0.9382093333972324,-2.48112340362044
2024-03-01,0.7975936433387976,-1.696186713010161,-2.8432954293813535,-0.9473292324363926,-2.358246316949177
2024-03-04,-0.1193974574963011,-1.7111816334248389,-2.804510343764377,-0.9348812717231499,-2.366542168950247
2024-03-05,-1.0245406275917994,-1.7147360265268206,-2.784955733777964,-0.9863626812643457,-2.205618906141966
2024-03-06,0.5127932853001643,-1.7452059324225384,-2.8469412454190604,-0.9785865554531673,-2.506259364172065
2024-03-07,1.0251402284983626,-1.715643782825296,-2.7509836325881163,-0.9894102001379668,-2.3774231931235157
2024-03-08,-0.6549922992050338,-1.7206647484348334,-2.8446827886403887,-0.9919219299085835,-2.511367948044264
2024-03-11,-0.11228682680281,-1.7025823666096394,-2.8260191865154463,-0.9247283529891202,-2.512429448578948
2024-03-12,1.1139512586668012,-1.6679560603081731,-2.812150821934301,-0.9403366674456465,-2.333780155120764
2024-03-13,-0.1926384002121972,-1.6583595947156666,-2.771882926097884,-0.9398268403224862,-2.5359123179101313
2024-03-14,-0.2875221051495188,-1.587316150081448,-2.6335905517088456,-0.8795817312522157,-2.368594866638498
2024-03-15,-0.6504022859737666,-1.5477442001085882,-2.662096233542764,-0.8786962405549552,-2.244864325157794
2024-03-18,0.6298184238480455,-1.5433928651787976,-2.6182536804354286,-0.831690383161262,-2.291882474426816
2024-03-19,0.563325304434312,-1.5170937756713165,-2.572239743718497,-0.8521564784732821,-2.2344934423210825
2024-03-20,0.8864765516360184,-1.5228348162012357,-2.4461678323064793,-0.88228952331892,-2.159917331858356
2024-03-21,0.3231309094528888,-1.5085976190055441,-2.4428234929782553,-0.8572064672863813,-2.254897825360423
2024-03-22,-0.1403171834326712,-1.455942728121306,-2.4923112000637295,-0.8311376165998184,-2.110927446801931
2024-03-25,-0.3059640382031929,-1.4410154054865099,-2.3754246256558775,-0.786121044469798,-1.9841441398447952
2024-03-26,-0.2803721982805726,-1.4509018005274756,-2.4816696716006015,-0.8100017932787928,-1.9190672346420428
2024-03-27,0.8593595582706042,-1.485714153993042,-2.5781180482810218,-0.8351171228146655,-1.8548108431702088
2024-03-28,0.1115862700761605,-1.5108224340394911,-2.52851598064415,-0.8773580814962874,-1.999583468027311
2024-04-01,-0.2015614526957724,-1.532229275698036,-2.621844572581174,-0.8078932042539758,-1.8630565435686228
2024-04-02,-0.7265388203672426,-1.5476197059624675,-2.6026997319571277,-0.8782633347388218,-1.7827615540222337
2024-04-03,0.1090527523337897,-1.6374734160084332,-2.7141698373287193,-0.9237589458598722,-1.9774245226982772
2024-04-04,-1.241103561926225,-1.7016179372431945,-2.764755121528266,-0.9464174193971189,-1.8434225638148256
2024-04-05,1.1038050135699558,-1.8117739632480716,-2.955210615371742,-1.0352042489064273,-2.440487317413795
2024-04-08,-0.0374701190041576,-1.8691647160501947,-3.151738722607065,-1.0457339425084315,-2.611139785665681
2024-04-09,0.144444947363452,-1.8572313489898462,-3.0239842480158434,-1.0831347083853646,-2.41279109534336
2024-04-10,-0.9501981832212592,-1.8734222262191589,-3.1812864880139613,-1.0554801945869092,-2.231012333571623
2024-04-11,0.7417221983342437,-1.979825604072838,-3.2699379203592884,-1.1100765062028375,-2.470564651615351
2024-04-12,-1.4657587802248535,-2.0141718277301055,-3.2458634986033315,-1.1497202943110905,-2.433214351117684
2024-04-15,-1.2094195787459194,-2.0899328615921915,-3.359345035420163,-1.2345519714931887,-3.026633028845763
2024-04-16,-0.2058624527503996,-2.0750020764436066,-3.3857694153921667,-1.2332629992587403,-3.256056523114983
2024-04-17,-0.5797375076004185,-1.9959864475443494,-3.2759369921999935,-1.1377204168187056,-3.0104311580757064
2024-04-18,-0.2210601700485304,-1.9582671226677049,-3.2898117708995365,-1.1339796404695537,-2.899604314514176
2024-04-19,-0.8797129654056974,-1.9650250134724314,-3.259997424997586,-1.1159292983341376,-2.6960956454804066
2024-04-22,0.869335115683908,-1.9958144744661788,-3.270937443542331,-1.1564273700458099,-2.7859701160646235
2024-04-23,1.189356656772209,-2.0120989205982314,-3.4245857284909413,-1.1255291369892118,-2.7566868692672974
2024-04-24,0.02129873779329,-2.0272912114614803,-3.31805119150891,-1.148109264910709,-2.913022934576201
2024-04-25,-0.4586934270119409,-1.9379585641951989,-3.3160029341912836,-1.1153077720376392,-2.678905407971406
2024-04-26,1.0157381332325344,-1.944909218509507,-3.2745082006053985,-1.1515604531319696,-2.569068497716593
2024-04-29,0.3173408076639394,-2.005392052081727,-3.3108874020784125,-1.1981909440772682,-2.657455782565521
2024-04-30,-1.5855551118928124,-1.9972784999435207,-3.328765075169862,-1.1609173782541184,-2.4661166644489265
2024-05-01,-0.3441353485631687,-2.0217236670853294,-3.2147140250283135,-1.237719687300695,-3.155056432271254
2024-05-02,0.9087024725084856,-1.9798767399439834,-3.253548760264209,-1.1789060355090626,-2.9496964051061876
2024-05-03,1.2478557659508005,-1.9542378598009755,-3.2605955368673936,-1.1537700782635605,-2.912386275948429
2024-05-06,1.027317369124784,-1.9076520811974915,-3.167540829751153,-1.1500093079782967,-3.0726215986290457
2024-05-07,0.1342528228825613,-1.8108848218342346,-2.9422222058956797,-1.0554803683406557,-3.0737448081620315
2024-05-08,-0.0005835635193424,-1.6631957697588824,-2.7448291936886853,-0.9202701722245746,-2.822195559436113
2024-05-09,0.5078032639106711,-1.587776353888678,-2.6724705628203265,-0.8817926919531714,-2.59867104450168
2024-05-10,0.1648040080166728,-1.4907889938213834,-2.3965022366745736,-0.8586157358813922,-2.456467431586348
2024-05-13,-0.0241333173865208,-1.4640203933802491,-2.38775542920839,-0.8233225229126814,-2.270917024867807
2024-05-14,0.4826148527454041,-1.4460745203916363,-2.327442275179909,-0.7799687867299626,-2.1088301766792026
2024-05-15,1.164782778729962,-1.4476301986886628,-2.3829069843157886,-0.8195931533660142,-2.0242460896111094
2024-05-16,-0.2083837474088046,-1.4560579646084229,-2.3782333001018943,-0.8614579911438973,-2.3433602194857035
2024-05-17,0.1164095687893751,-1.3948964244799424,-2.316341387174427,-0.7647653985443178,-2.2025102847862073
2024-05-20,0.0915970308491166,-1.3551607749737131,-2.4047273480514484,-0.7159026613094839,-2.043022598892541
2024-05-21,0.2498749766892608,-1.288833560224948,-2.245038936780897,-0.7029504455993513,-1.9012989328840115
2024-05-22,-0.2709791209352147,-1.315834011992902,-2.2684347718410094,-0.7236413416878423,-1.7879119764459843
2024-05-23,-0.7408162283471933,-1.3256534244702776,-2.2149902466486213,-0.737241958625891,-1.7399920137919165
2024-05-24,0.6976649076673259,-1.3553573563844925,-2.2242290397402185,-0.7668115823933643,-1.9556310154815408
2024-05-28,0.0248770906885915,-1.3644576393744994,-2.225015781098209,-0.7969188548724927,-1.9858273059387876
2024-05-29,-0.7394317215742535,-1.3910334714394306,-2.2852216660543196,-0.7965208025038066,-1.85265571276546
2024-05-30,-0.5992957535754186,-1.3904680248615187,-2.27821111734961,-0.8041008102388908,-2.038824197858701
2024-05-31,0.7995824231928896,-1.3759711848083538,-2.2630474568440127,-0.8224739137730401,-2.0974661824565186
2024-06-03,0.1115460223535239,-1.387925633889341,-2.2864304764654007,-0.8328496631025245,-2.1550714535410385
2024-06-04,0.1501681003782753,-1.3715659679206893,-2.217013748949932,-0.7673664011487962,-2.00080805094042
2024-06-05,1.1778015849957282,-1.3487765123379853,-2.1759809427072327,-0.7776146374789543,-1.8655279562828275
2024-06-06,-0.0199836601636851,-1.3750203849347449,-2.2268967359442664,-0.8390778561889812,-2.2416599748900605
2024-06-07,-0.1115842050279066,-1.3026479122477825,-2.2115757554148763,-0.7315656905890152,-2.0824967213949663
2024-06-10,0.2577529978240972,-1.2582950360806726,-2.0864324441830746,-0.7015223355616078,-1.9538889831329072
2024-06-11,0.2706714855209522,-1.2102841857024689,-2.076193280946531,-0.687050922025501,-1.8352141806821525
2024-06-12,0.8467720241887338,-1.200244691339722,-2.0731705682811423,-0.6926298739072841,-1.7334567905004958
2024-06-13,0.234191143711672,-1.229915078107055,-2.0373927925762745,-0.708702256529417,-1.8986546215068876
2024-06-14,-0.0393938280997494,-1.1871917089002253,-1.9671106090566433,-0.6564681158911693,-1.783375961411312
2024-06-17,0.7635164372320518,-1.147262518334169,-1.898865338779507,-0.6441639557272211,-1.680644252913832
2024-06-18,0.2518154181517116,-1.1409406527090638,-1.855333165272405,-0.6785210873836992,-1.80456319492616
2024-06-20,-0.252912739541154,-1.101420918651926,-1.909698493038037,-0.6178990993125006,-1.7035880652595412
2024-06-21,-0.1563351718825249,-1.0643101546280938,-1.8041552511742576,-0.5813764663186125,-1.6623276737911776
2024-06-24,-0.3069879155866442,-1.0388702535610823,-1.7746367165155787,-0.5375449162603029,-1.5981189267349056
2024-06-25,0.3925873679181343,-1.0450454377265401,-1.7651919297569123,-0.5679455270994008,-1.5944595150267415
2024-06-26,0.1571196224720452,-1.053334780268706,-1.933113580958948,-0.5823527800360078,-1.556104887859179
2024-06-27,0.0906909856799073,-1.0569929841437364,-1.7841534623346125,-0.5493588098506607,-1.475926862329174
2024-06-28,-0.4092013462369599,-1.0700849619486579,-1.8126741777631852,-0.5993661295199892,-1.4038377718271169
2024-07-01,0.2671990981429523,-1.1123245347255548,-1.8675402729141357,-0.6295024801499708,-1.4871000287197167
2024-07-02,0.6176205771185049,-1.1585707263842446,-2.0043422988587047,-0.6378924172071693,-1.431560281432845
2024-07-03,0.5071562269533664,-1.2294572199610976,-2.0456546736060166,-0.6677271669956922,-1.5239485328975848
2024-07-05,0.543397436096954,-1.2995952036206444,-2.204348064285094,-0.7348031349713811,-1.5414566682507278
2024-07-08,0.1016182476404432,-1.35558865266961,-2.2342227378970585,-0.7492303793316173,-1.5724719798456146
2024-07-09,0.0740797478065475,-1.4214040621037245,-2.4201561756484495,-0.7812216909238612,-1.4877732153945868
2024-07-10,1.0156314878105883,-1.5120261031606756,-2.5638642221564254,-0.8350234907681185,-1.4142664649730958
2024-07-11,-0.8801649969266724,-1.628035497263053,-2.6315528881312997,-0.9241624977756795,-1.800568084264063
2024-07-12,0.550186402496512,-1.715446680964275,-2.8195337312177924,-0.9958757183239861,-2.103425624230907
2024-07-15,0.2822216423352684,-1.7619417455896529,-2.8592057056873976,-1.006446332163529,-2.0433637930310176
2024-07-16,0.6369049971453274,-1.8544094424771638,-3.133530997270801,-1.064755646281382,-1.9176695828449115
2024-07-17,-1.4025441523645543,-1.9983175690160557,-3.2364325593779943,-1.1479093355296974,-1.9247175974730109
2024-07-18,-0.7847112145350073,-2.115304137886068,-3.3289048723423846,-1.243585848460348,-2.642784275394674
2024-07-19,-0.7165879226406084,-2.211414152743112,-3.667929737066256,-1.2848904338890104,-2.6886040062723096
2024-07-22,1.0734217246220292,-2.3064887557405473,-3.880815939708613,-1.329008819172027,-2.6900045327204447
2024-07-23,-0.155931769394619,-2.415805261865902,-3.8761190888033754,-1.422921483411083,-2.788380439084176
2024-07-24,-2.3421242222892857,-2.559711709973854,-4.066117398517332,-1.4883698591955201,-2.5856583500164407
2024-07-25,-0.5155889019717259,-2.7176796979506364,-4.4103588981977975,-1.5742986490075799,-3.9716497197734952
2024-07-26,1.1029420409570925,-2.7419913225630212,-4.616641130441043,-1.6365292049756308,-3.7158042112391967
2024-07-29,0.0812979571828451,-2.742622698309496,-4.4867654400149135,-1.6230192927382654,-3.647921958862458
2024-07-30,-0.4972514361367621,-2.7875774624359773,-4.6651218321076175,-1.5902740006573135,-3.338262348923677
2024-07-31,1.5669980701917767,-2.922534745170556,-4.998922903660664,-1.7030326474327386,-3.154190103305952
2024-08-01,-1.3788123791990166,-3.1002634258710167,-4.914345566679165,-1.8364320247637875,-3.4770438464796647
2024-08-02,-1.855290660855327,-3.2227469956418258,-5.278459641194575,-1.8658693499692234,-3.718767990782881
2024-08-05,-3.04270413923931,-3.2976065418916556,-5.111988900586424,-1.9231362532904563,-4.249727869534067
2024-08-06,1.0300849493599515,-3.4147565977067575,-5.488217799921615,-2.0824788960397984,-5.653053158564247
2024-08-07,-0.7764715388769489,-3.316300715659524,-5.389608008038291,-1.9011020775805176,-5.296291010782321
2024-08-08,2.278113959089888,-3.1585623113862935,-5.216348881086563,-1.808516761760539,-4.95994654581322
2024-08-09,0.4660798434381699,-3.1329062484579016,-5.160178386233268,-1.7929522089620753,-5.3570196343622305
2024-08-12,0.0043033051720097,-2.921430619654988,-4.915197064589213,-1.6454946204280416,-4.907431225829928
2024-08-13,1.6707233419049987,-2.8069276796463365,-4.810294594456769,-1.6378394963273477,-4.477208194446749
2024-08-14,0.381643656119841,-2.7164890349471054,-4.50022847783436,-1.582752435962451,-4.5813372648543575
2024-08-15,1.6004489931304131,-2.5983937937818173,-4.467928331079235,-1.4631833624253816,-4.198206954504997
2024-08-16,0.1987802368396151,-2.538126497915262,-4.149730614055415,-1.4887134265496709,-4.314394765037096
2024-08-19,0.9675327436177776,-2.4113000775394355,-4.0999798389289195,-1.366113553202948,-3.9421765401375017
2024-08-20,-0.1986527237609709,-2.305452090344236,-4.057606506984035,-1.2733283093117476,-3.7817135922106666
2024-08-21,0.4230714721006796,-2.2251984445512036,-3.6620291235724696,-1.2618011295229745,-3.4794676853533963
2024-08-22,-0.8972942256657219,-2.1769849211300016,-3.6433382431301142,-1.2287876259276622,-3.215908497289577
2024-08-23,1.141793740166443,-2.1811067732000495,-3.6301842177783996,-1.1769387481432274,-3.21891507947553
2024-08-26,-0.3158710169605814,-2.1436190194302207,-3.5865351242676033,-1.2386226933044198,-3.255240997520296
2024-08-27,0.1593925112723203,-2.092694747868475,-3.5187666012686973,-1.1877931771694616,-3.031500222610545
2024-08-28,-0.5993900794735212,-2.107419572574531,-3.5672724442342707,-1.1475950418797078,-2.7851303057305943
2024-08-29,-0.0039379843436586,-2.14717795630571,-3.5473715894189692,-1.194228625042819,-2.715684663128507
2024-08-30,1.004245707914417,-2.2040848313871746,-3.6717487688859194,-1.2614296651077197,-2.5035864334254554
2024-09-03,-2.1377963372397697,-2.2989515355739742,-3.8587073822862545,-1.3833120107036168,-2.598343199437689
2024-09-04,-0.1603829027380963,-2.391476302959163,-3.9139627617270394,-1.4111333241307056,-3.767929647614257
2024-09-05,-0.3022581014674196,-2.312418009255285,-3.829709957878249,-1.36576390564655,-3.4620106345816377
2024-09-06,-1.7410944507424406,-2.3061393663577663,-3.7921170371231017,-1.297476697307565,-3.212030152767616
2024-09-09,1.1513534435818251,-2.341978880828181,-3.883257461672476,-1.3679873996593521,-3.795701036230097
2024-09-10,0.4462699977793541,-2.2708426503466996,-3.9126123889256332,-1.2886119775698255,-3.738300529449571
2024-09-11,1.060855564984334,-2.181220406494881,-3.603545824295084,-1.2444427159594065,-3.45112841787708
2024-09-12,0.746735215680267,-2.0739500297523144,-3.300262822513465,-1.1695430256689394,-3.4055116384695023
2024-09-13,0.5393142234356035,-1.9777600576441985,-3.1013035481917393,-1.1553749422971313,-3.2353442560585206
2024-09-16,0.1255840867310285,-1.8847090678053076,-3.121383881294686,-1.0405262905178576,-3.023997910773147
2024-09-17,0.026451509389645,-1.8224813173277135,-3.014870564180189,-1.0136266440138457,-2.7773290789571816
2024-09-18,-0.2900658708313291,-1.7835127996955225,-3.030431870482548,-1.0020140948995162,-2.5571229522129313
2024-09-19,1.6834356892725129,-1.772766034013074,-2.950630488756321,-1.0303331604173271,-2.4101098671245382
2024-09-20,-0.1942913630015734,-1.7864835816137201,-3.0025733463745845,-1.0423910725104553,-3.0432610008849665
2024-09-23,0.2805334425713122,-1.6729262588345042,-2.815533105568782,-0.9393175441546249,-2.8188336170815136
2024-09-24,0.2508031103345345,-1.5786246024275292,-2.7029684510246637,-0.9069257547489049,-2.6046802789757955
2024-09-25,-0.1862983206212128,-1.5164776956325017,-2.7574260382436426,-0.8461550201655489,-2.410250904221588
2024-09-26,0.4030542158199222,-1.4674007112899572,-2.615331818915267,-0.7805023195520674,-2.2564991060935395
2024-09-27,-0.1254002900072123,-1.463302648749112,-2.4909974208598347,-0.7870368337958541,-2.129593495240411
2024-09-30,0.4227603658441509,-1.4665513540746942,-2.546464919351098,-0.7838359150560665,-1.997721324614449
2024-10-01,-0.9367848694454448,-1.4957684871229944,-2.5309647801017263,-0.8182521292392488,-1.910112559587879
2024-10-02,0.0138381326986477,-1.5398573581200987,-2.600871299459782,-0.8521730050016066,-2.2255391195806813
2024-10-03,-0.1682828654458689,-1.522636531810956,-2.47230710663118,-0.8422651397602114,-2.065620830018568
2024-10-04,0.8930255699186382,-1.580665559903193,-2.699346849975027,-0.9134477846470389,-1.9503329406669625
2024-10-07,-0.9632263829388772,-1.6150138211535272,-2.681069133070094,-0.9677151700134484,-2.094878035903027
2024-10-08,0.9642706804694384,-1.6592177079154309,-2.7537142059657427,-0.9770932725949295,-2.379274889166355
2024-10-09,0.7088231016994585,-1.6534337112114372,-2.720017703621209,-1.0170327639525132,-2.475497684430597
2024-10-10,-0.2072268505982484,-1.6203821245656045,-2.766545397810102,-0.957821982821596,-2.4228330198650627
2024-10-11,0.603360870729872,-1.5715498873028193,-2.556881773486199,-0.9386483117261204,-2.2720504680784255
2024-10-14,0.7678114574594324,-1.5647012082724614,-2.557522801482655,-0.9178951659732986,-2.207115330024776
2024-10-15,-0.7638566037513421,-1.5506531758980342,-2.5810881005075332,-0.8973544760128445,-2.2272392995845727
2024-10-16,0.4668232782779766,-1.515495010223573,-2.546835057850574,-0.8819508747832497,-2.3437046015764573
2024-10-17,-0.0171175128538166,-1.4767344273487693,-2.5905590808633203,-0.8005897561092684,-2.2225908340659144
2024-10-18,0.3963686942774387,-1.4313122728954948,-2.500214925073843,-0.7689500818874629,-2.0653299862137393
2024-10-21,-0.1824432756419033,-1.4190835133491324,-2.4458803840790395,-0.7969631277356841,-1.9613539719502704
2024-10-22,-0.0474966667195793,-1.413427226280342,-2.462788748096697,-0.7478022080973336,-1.862849507472548
2024-10-23,-0.9233824267679565,-1.4328266873616506,-2.5104822201804544,-0.7947432880254032,-1.7512816836254306
2024-10-24,0.2143473130556828,-1.474141949566352,-2.53000719202579,-0.8106680879284279,-2.1030448064432097
2024-10-25,-0.029949201318627,-1.4863018741264942,-2.565868889010267,-0.8100212042926318,-1.9610143759347247
2024-10-28,0.2647934626732945,-1.5330871333854512,-2.7579428787763582,-0.8061605580577368,-1.8354098874542084
2024-10-29,0.1612825944901219,-1.604256424274576,-2.636806818279827,-0.8490507708304119,-1.7326274360533265
2024-10-30,-0.3305691672488118,-1.709966911000036,-2.943594419248305,-0.9270988619262208,-1.6302329311432402
2024-10-31,-1.8790134928745348,-1.8389971145113355,-3.1076159414726043,-1.0564716969157126,-1.630964711354005
2024-11-01,0.4084158004525459,-2.0168629316009263,-3.234731678758422,-1.2037601091749883,-2.9846115468529537
2024-11-04,-0.2816044813190291,-2.0461907630657583,-3.3658629041168617,-1.238941138320229,-2.7726712843139305
2024-11-05,1.2191031029563082,-2.1320264878397017,-3.470695151722803,-1.286294255153322,-2.5971849745801907
2024-11-06,2.4981280957186653,-2.2255224828711944,-3.6028084401623945,-1.325827986791869,-2.8090881504562666
2024-11-07,0.7403754173995657,-2.301175081455743,-3.684871492917485,-1.4287925302073397,-4.070586109006105
2024-11-08,0.3749794035718046,-2.1102828037669443,-3.3084802770642843,-1.271799483743391,-3.815362811991902
2024-11-11,0.0968594190956923,-1.9522519879569735,-3.2182061993274482,-1.1350470888682602,-3.5089188241993665
2024-11-12,-0.2896851476936499,-1.8127280154609136,-3.0179744585458383,-1.0145720845066988,-3.2130264886369235
2024-11-13,0.0232200764140183,-1.7372565349217666,-2.926263137284003,-1.0237815552083995,-2.9882586028486053
2024-11-14,-0.6068108582244001,-1.6742249729688996,-2.9069166473031456,-0.9456677641416895,-2.746287403547215
2024-11-15,-1.3291430866793768,-1.6691792114148576,-2.7915765570276223,-0.9183501616955178,-2.6860683005313972
2024-11-18,0.3910159746206537,-1.6634577135806534,-2.7498234479730037,-0.9294513485070747,-3.089337472118224
2024-11-19,0.3955750520596487,-1.5524202474538402,-2.5971253363163043,-0.8613663220247634,-2.8625177563408877
2024-11-20,0.0021950621335444,-1.4798608736649916,-2.6274121952881444,-0.8063882018807187,-2.6618483403649873
2024-11-21,0.5326251844288491,-1.4022392091663576,-2.414472494634649,-0.7758638692014235,-2.455080216469932
2024-11-22,0.3461959591536465,-1.3661587782418283,-2.200876801885913,-0.7185586461319682,-2.3391417135181056
2024-11-25,0.3015927820124541,-1.3359333325846856,-2.263090319704276,-0.7245971283020173,-2.1895198812886547
2024-11-26,0.5705697155263866,-1.2977388114703827,-2.2404071898918745,-0.7374605707177757,-2.049501724072295
2024-11-27,-0.3808481083577711,-1.3081577001305695,-2.233567379863563,-0.7024047163411423,-2.005634407576819
2024-11-29,0.5592120396801623,-1.2716969987435691,-2.1441905698208386,-0.6803323406085465,-1.9653281956090431
2024-12-02,0.2445463880581373,-1.2849751504782623,-2.1778694362943294,-0.7050793544847456,-1.930140726074065
2024-12-03,0.0451347242022181,-1.2724637049463134,-2.141350799430605,-0.7117246249719134,-1.8124339293819631
2024-12-04,0.603318162813612,-1.2779003875347545,-2.178782382999329,-0.6970381368521482,-1.6988067301415806
2024-12-05,-0.1871525839382334,-1.3285082915312731,-2.2510392761592457,-0.708670661013245,-1.7293398308238173
2024-12-06,0.2492345367538312,-1.3712099801601816,-2.385920122875229,-0.7418106272947085,-1.6638298157833933
2024-12-09,-0.6163167285227462,-1.414590169592821,-2.4372748885568267,-0.7603901750395174,-1.5806715423918962
2024-12-10,-0.2968284314279252,-1.490315803336216,-2.5276618639425816,-0.8218810688734856,-1.7506212826483496
2024-12-11,0.8132626411368236,-1.5466837907838231,-2.595551370060297,-0.82596049680336,-1.7178178607307384
2024-12-12,-0.5428731461463251,-1.665405238351426,-2.8252050768499597,-0.9153122660426625,-1.8647307436356095
2024-12-13,-0.0026466989371873,-1.7740018087972942,-2.9642527019998908,-0.9909613080397426,-1.9265601771660652
2024-12-16,0.3792155008784429,-1.8791844081814417,-3.116324839351363,-1.0656602697081978,-1.802387291328677
2024-12-17,-0.3871479480655496,-2.0104691864016715,-3.324715325654511,-1.1303592308719637,-1.7294847354011902
2024-12-18,-2.993650530451818,-2.2181874851283743,-3.6077201174536446,-1.3266155505103119,-1.7379109284278424
2024-12-19,-0.0865486750536793,-2.4828379867386974,-3.9632383097235793,-1.4874120340360153,-4.341963683241308
2024-12-20,1.08104794023973,-2.3833315942492774,-3.7015159137232923,-1.4223302585964344,-3.9713329241992135
2024-12-23,0.7260849585616372,-2.3821829009186706,-3.8727664106574546,-1.3582479575759208,-3.85420308551302
2024-12-24,1.0982233165126825,-2.3452516906962995,-4.029385598187714,-1.3535672504394693,-3.620819582939996
2024-12-26,-0.0405741088257819,-2.330600410959536,-3.8950588317090626,-1.3371789985687086,-3.565851396574635
2024-12-27,-1.1117304964912211,-2.2645797788457704,-3.9295883351433885,-1.2684692116222787,-3.268796970571578
2024-12-30,-1.0759673941729728,-2.243126418855928,-3.7693596345861633,-1.2058610346018062,-3.383275153644631
2024-12-31,-0.4294006458982307,-2.235775646056786,-3.8879355029200373,-1.19440952186888,-3.454229471683411
